<songs>
  <song name="BIOS_loop">
    <title>Blank Banshee - BIOS</title>
    <source>https://blankbanshee.bandcamp.com/album/mega</source>
    <rhythm>S...............i.~.............~...........i.i.I~..............S...............i.......:...:...:...:...:...:...I~..............S...............i.......-...-...-...........i.i.I~..............S...............i.......I.|.|.|.|...|.....|.....|.......|..|..|.o.......:.:.:.:.I...........-...I...:.:.o.:.:.:.-.~.....-...-...-...-...-...-...-....-......-.......:.:.o.:.:.:.I~...=.....=....I~..............=...............o~..............=...:.:.:.:.:.:.o~..............=...........|.|.o...........|.....|...|.|.|.|.|.</rhythm>
  </song>
</songs>
