<songs>
  <song name="kitchen_loop">
    <title>Sheff - The Kitchen (Darth & Vader Remix)</title>
    <source>https://www.youtube.com/watch?v=xH29jwlhTLE</source>
    <rhythm>o~..x.iio|||x::.o~..x.I.I|||x~..o~..x.iio|||x::.o.Ii~...o.:.xssso~..x.iio|||x::.o~..x.I.I|||x~..o~..x.iio|||x::.o.Ii~...S..S..S.o~..x.iio|||x::.o~..x.I.I|||x~..o~..x.iio|||x::.o.Ii~...o.:.xssso~..x.iio|||x::.o~..x.I.I|||x~..o~..x.iio|||x::.o.Ii~...I.::.::i</rhythm>
    <buildup>kitchen_build</buildup>
    <buildupRhythm>-.::.::.-.::.::.-.::.::.-.::.::.-.::.::.-.::.:::-.::.::.-...+...-.::.::.-.::.::.-.::.::.-.::.::.-.::.::.-.::.:::-.::.::.|||||+..-.::.::.-.::.::.-.::.::.-.::.::.-.::.::.-.::.:::-.::.::.-...+...-.::.::.-.::.::.-.::.::.-.::+...-.::.::.-.::.:::-.::.::.|||||+..-.::.::.-.::.::.-.::.::.-.::.::.-.::.::.-.::.:::-.::.::.-...+...-.::.::.-.::.::.-.::.::.-.::+...-.::.::.-.::.:::-.::.::.-...+...-.::.::.-.::.::.-.::.::.-.::.::.-.::.::.-.::.:::-.::.::.|||||+..I.::.::.-.::.::i</buildupRhythm>
  </song>
</songs>
